-- phpMyAdmin SQL Dump
-- version 4.5.1
-- http://www.phpmyadmin.net
--
-- Host: 127.0.0.1
-- Generation Time: 03-Nov-2017 às 16:39
-- Versão do servidor: 10.1.19-MariaDB
-- PHP Version: 5.6.28

SET SQL_MODE = "NO_AUTO_VALUE_ON_ZERO";
SET time_zone = "+00:00";


/*!40101 SET @OLD_CHARACTER_SET_CLIENT=@@CHARACTER_SET_CLIENT */;
/*!40101 SET @OLD_CHARACTER_SET_RESULTS=@@CHARACTER_SET_RESULTS */;
/*!40101 SET @OLD_COLLATION_CONNECTION=@@COLLATION_CONNECTION */;
/*!40101 SET NAMES utf8mb4 */;

--
-- Database: `standard`
--

-- --------------------------------------------------------

--
-- Estrutura da tabela `language`
--

CREATE TABLE `language` (
  `idlanguage` int(11) NOT NULL,
  `name` varchar(45) NOT NULL,
  `date_create` timestamp NOT NULL DEFAULT CURRENT_TIMESTAMP,
  `date_update` timestamp NULL DEFAULT NULL,
  `date_delete` timestamp NULL DEFAULT NULL,
  `active` tinyint(2) NOT NULL DEFAULT '1' COMMENT 'Indicates the status.:\n1-Active\n2-Blocked\n3-Deleted'
) ENGINE=InnoDB DEFAULT CHARSET=latin1;

--
-- Extraindo dados da tabela `language`
--

INSERT INTO `language` (`idlanguage`, `name`, `date_create`, `date_update`, `date_delete`, `active`) VALUES
(1, 'english', '2017-08-15 19:52:11', NULL, NULL, 1),
(2, 'portuguese', '2017-10-18 12:26:52', NULL, NULL, 0),
(3, 'spanish', '2017-10-18 12:53:23', NULL, NULL, 0);

-- --------------------------------------------------------

--
-- Estrutura da tabela `word_original`
--

CREATE TABLE `word_original` (
  `idword_original` int(11) NOT NULL,
  `language` varchar(45) NOT NULL DEFAULT 'en',
  `word` varchar(45) NOT NULL
) ENGINE=InnoDB DEFAULT CHARSET=latin1;

--
-- Extraindo dados da tabela `word_original`
--

INSERT INTO `word_original` (`idword_original`, `language`, `word`) VALUES
(1, 'en', 'coupon'),
(2, 'en', 'to'),
(3, 'en', 'set'),
(4, 'en', 'orders'),
(5, 'en', 'sales'),
(6, 'en', '&'),
(7, 'en', 'average'),
(8, 'en', 'order'),
(9, 'en', 'value'),
(10, 'en', 'new'),
(11, 'en', 'accounts'),
(12, 'en', 'existing'),
(13, 'en', 'guests'),
(14, 'en', 'items'),
(15, 'en', 'total'),
(16, 'en', 'per'),
(17, 'en', 'discounts'),
(18, 'en', 'coupons'),
(19, 'en', 'shipping'),
(20, 'en', 'free'),
(21, 'en', 'taxes'),
(22, 'en', 'taxed'),
(23, 'en', 'tax'),
(24, 'en', 'avg'),
(25, 'en', 'breakdown'),
(26, 'en', 'by'),
(27, 'en', 'account'),
(28, 'en', 'guest'),
(29, 'en', '/'),
(30, 'en', 'warning'),
(31, 'en', 'system'),
(32, 'en', 'in'),
(33, 'en', 'development'),
(34, 'en', ','),
(35, 'en', 'admin'),
(36, 'en', 'delivery'),
(37, 'en', 'company'),
(38, 'en', 'info'),
(39, 'en', 'general'),
(40, 'en', 'settings'),
(41, 'en', 'accounting'),
(42, 'en', 'additional'),
(43, 'en', 'integrations'),
(44, 'en', 'database'),
(45, 'en', 'external'),
(46, 'en', 'resources'),
(47, 'en', 'configurations'),
(48, 'en', 'currencies'),
(49, 'en', 'name'),
(50, 'en', 'fantasy'),
(51, 'en', 'informations'),
(52, 'en', 'address'),
(53, 'en', 'bank'),
(54, 'en', 'and'),
(55, 'en', 'license'),
(56, 'en', 'cancel'),
(57, 'en', 'save'),
(58, 'en', 'register'),
(59, 'en', 'number'),
(60, 'en', 'phone'),
(61, 'en', 'fax'),
(62, 'en', 'default'),
(63, 'en', 'message'),
(64, 'en', 'street'),
(65, 'en', 'district'),
(66, 'en', 'city'),
(67, 'en', 'code'),
(68, 'en', 'zip'),
(69, 'en', 'complement'),
(70, 'en', 'reference'),
(71, 'en', 'visiting'),
(72, 'en', 'email'),
(73, 'en', 'validad'),
(74, 'en', 'of'),
(75, 'en', 'companies'),
(76, 'en', 'users'),
(77, 'en', 'terminals'),
(78, 'en', 'mobiles'),
(79, 'en', ':'),
(80, 'en', 'check'),
(81, 'en', 'modules'),
(82, 'en', 'for'),
(83, 'en', 'your'),
(84, 'en', 'description'),
(85, 'en', 'status'),
(86, 'en', 'list'),
(88, 'en', 'edit'),
(89, 'en', 'remove'),
(90, 'en', 'close'),
(91, 'en', 'coin'),
(92, 'en', 'symbol'),
(93, 'en', 'exchange'),
(94, 'en', 'rate'),
(95, 'en', 'unit'),
(96, 'en', 'minimum'),
(97, 'en', 'treasury'),
(98, 'en', 'currency'),
(101, 'en', 'dashboard'),
(102, 'en', 'setup'),
(103, 'en', 'entry'),
(104, 'en', 'devices'),
(105, 'en', 'reports'),
(106, 'en', 'insert'),
(107, 'en', 'smallest'),
(108, 'en', 'denomination'),
(109, 'en', 'update'),
(110, 'en', 'device'),
(111, 'en', 'select'),
(112, 'en', 'layout'),
(113, 'en', 'tables'),
(114, 'en', 'build'),
(115, 'en', 'template'),
(116, 'en', 'back'),
(117, 'en', 'features'),
(118, 'en', 'closing'),
(119, 'en', 'parameters'),
(120, 'en', 'credit'),
(121, 'en', 'notes'),
(122, 'en', 'receipts'),
(123, 'en', 'pos'),
(124, 'en', 'display'),
(125, 'en', 'client'),
(126, 'en', 'first'),
(127, 'en', 'line'),
(128, 'en', 'second'),
(129, 'en', 'temporary'),
(130, 'en', 'receipt'),
(131, 'en', 'header'),
(132, 'en', 'records'),
(133, 'en', 'be'),
(134, 'en', 'printed'),
(135, 'en', 'at'),
(136, 'en', 'the'),
(137, 'en', 'end'),
(138, 'en', 'box'),
(139, 'en', 'log'),
(140, 'en', 'purchase'),
(141, 'en', 'canceled'),
(142, 'en', 'cash'),
(143, 'en', 'drawer'),
(144, 'en', 'manual'),
(145, 'en', 'openings'),
(146, 'en', '('),
(147, 'en', ')'),
(148, 'en', 'record'),
(149, 'en', 'deleted'),
(151, 'en', 'clicking'),
(152, 'en', 'button'),
(153, 'en', 'created'),
(154, 'en', 'a'),
(155, 'en', 'already'),
(156, 'en', 'you'),
(157, 'en', 'can'),
(158, 'en', 'add'),
(159, 'en', 'columns'),
(160, 'en', 'this'),
(161, 'en', 'listing'),
(162, 'en', 'through'),
(163, 'en', 'element'),
(164, 'en', '.'),
(165, 'en', 'show'),
(166, 'en', 'similar'),
(167, 'en', 'shopping'),
(168, 'en', 'after'),
(169, 'en', 'typing'),
(170, 'en', 'on'),
(171, 'en', 'remarks'),
(172, 'en', 'pre'),
(173, 'en', 'payment'),
(174, 'en', 'restaurants'),
(175, 'en', '-'),
(176, 'en', 'issue'),
(177, 'en', 'not'),
(178, 'en', 'document'),
(179, 'en', 'replace'),
(180, 'en', 'logo'),
(181, 'en', 'with'),
(182, 'en', 'bars'),
(183, 'en', 'indicating'),
(184, 'en', 'volume'),
(185, 'en', 'stores'),
(186, 'en', 'all'),
(187, 'en', 'during'),
(188, 'en', 'search'),
(189, 'en', 'exact'),
(190, 'en', 'names'),
(191, 'en', 'only'),
(192, 'en', 'enable'),
(193, 'en', 'printing'),
(194, 'en', 'request'),
(195, 'en', 'confirmation'),
(196, 'en', 'product'),
(197, 'en', 'values'),
(198, 'en', 'when'),
(199, 'en', 'changing'),
(200, 'en', 'customer'),
(201, 'en', 'allow'),
(202, 'en', 'user'),
(203, 'en', 'terminate'),
(204, 'en', 'before'),
(205, 'en', 'entering'),
(206, 'en', 'amount'),
(207, 'en', 'paid'),
(208, 'en', 'card'),
(209, 'en', 'debit'),
(210, 'en', 'case'),
(211, 'en', 'pays'),
(212, 'en', 'giftcard'),
(213, 'en', 'details'),
(214, 'en', 'title'),
(215, 'en', 'size'),
(216, 'en', 'font'),
(217, 'en', 'group'),
(218, 'en', 'text'),
(219, 'en', 'print'),
(220, 'en', 'carrier'),
(221, 'en', 'identical'),
(222, 'en', 'products'),
(223, 'en', 'confirm'),
(224, 'en', 'price'),
(225, 'en', 'same'),
(226, 'en', 'place'),
(227, 'en', 'last'),
(228, 'en', 'two'),
(229, 'en', 'digits'),
(230, 'en', 'bold'),
(231, 'en', 'modify'),
(232, 'en', 'prints'),
(233, 'en', 'changes'),
(234, 'en', 'printer'),
(235, 'en', 'rows'),
(236, 'en', 'each'),
(237, 'en', 'omit'),
(238, 'en', 'which'),
(239, 'en', 'belongs'),
(240, 'en', 'id'),
(241, 'en', 'inserted'),
(242, 'en', 'cashier'),
(243, 'en', 'sold'),
(244, 'en', 'day'),
(245, 'en', 'quantity'),
(246, 'en', 'cell'),
(247, 'en', 'ratio'),
(248, 'en', 'include'),
(249, 'en', 'instead'),
(250, 'en', 'use'),
(251, 'en', 'discount'),
(252, 'en', 'help'),
(253, 'en', 'ways'),
(254, 'en', 'present'),
(255, 'en', 'lines'),
(256, 'en', 'item'),
(257, 'en', 'allowing'),
(258, 'en', 'more'),
(259, 'en', 'information'),
(260, 'en', 'actual'),
(261, 'en', 'promotional'),
(262, 'en', 'are'),
(263, 'en', 'shop'),
(264, 'en', 'detailed'),
(265, 'en', 'hide'),
(266, 'en', 'comments'),
(267, 'en', 'enfered'),
(268, 'en', 'always'),
(269, 'en', 'article'),
(270, 'en', 'is'),
(271, 'en', 'given'),
(272, 'en', 'without'),
(273, 'en', 'shows'),
(274, 'en', 'sums'),
(275, 'en', 'includes'),
(276, 'en', 'tip'),
(277, 'en', 'amounts'),
(278, 'en', 'templates'),
(279, 'en', 'resolution'),
(280, 'en', 'preset'),
(282, 'en', 'table'),
(283, 'en', 'section'),
(284, 'en', 'seats'),
(285, 'en', 'qty'),
(286, 'en', 'delete'),
(287, 'en', 'reset'),
(288, 'en', 'create'),
(289, 'en', 'image'),
(290, 'en', 'employee'),
(291, 'en', 'sale'),
(292, 'en', 'tab'),
(293, 'en', 'calculator'),
(301, 'en', 'department'),
(302, 'en', 'projects'),
(303, 'en', 'start'),
(304, 'en', 'stop'),
(305, 'en', 'project'),
(306, 'en', 'date'),
(307, 'en', 'permissions'),
(308, 'en', 'type'),
(309, 'en', 'jobs'),
(310, 'en', 'full'),
(311, 'en', 'login'),
(312, 'en', 'job'),
(313, 'en', 'password'),
(314, 'en', 'types'),
(315, 'en', 'warehouse'),
(316, 'en', 'stocks'),
(317, 'en', 'physical'),
(318, 'en', 'stock'),
(319, 'en', 'colors'),
(320, 'en', 'color'),
(321, 'en', 'country'),
(322, 'en', 'suppliers'),
(323, 'en', 'apis'),
(324, 'en', 'supplier'),
(325, 'en', 'from'),
(326, 'en', 'web'),
(327, 'en', 'site'),
(328, 'en', 'language'),
(329, 'en', 'org'),
(330, 'en', 'nr'),
(331, 'en', 'establishment'),
(332, 'en', 'mailing'),
(333, 'en', 'gln'),
(334, 'en', 'contact'),
(335, 'en', 'person'),
(336, 'en', 'send'),
(337, 'en', 'xml'),
(338, 'en', 'api'),
(339, 'en', 'format'),
(340, 'en', 'username'),
(341, 'en', 'define'),
(342, 'en', 'withdrawal'),
(343, 'en', 'sell'),
(344, 'en', 'invoice'),
(345, 'en', 'statistics'),
(346, 'en', 'change'),
(347, 'en', 'method'),
(348, 'en', 'options'),
(349, 'en', 'images'),
(350, 'en', 'cards'),
(351, 'en', 'access'),
(352, 'en', 'label'),
(353, 'en', 'footer'),
(354, 'en', 'a5'),
(355, 'en', 'obs'),
(356, 'en', 'separate'),
(357, 'en', 'different'),
(358, 'en', 'backgrounds'),
(359, 'en', 'sms'),
(360, 'en', 'sent'),
(361, 'en', 'proposals'),
(362, 'en', 'proposal'),
(363, 'en', 'customers'),
(364, 'en', 'payment''s'),
(365, 'en', 'gift'),
(367, 'en', 'model'),
(368, 'en', 'state'),
(369, 'en', 'option'),
(370, 'en', 'business'),
(371, 'en', 'view'),
(372, 'en', 'invoices'),
(373, 'en', 'requests'),
(374, 'en', 'collection'),
(375, 'en', 'letter'),
(376, 'en', 'extra'),
(377, 'en', 'data'),
(378, 'en', 'item''s'),
(379, 'en', 'invoiced'),
(380, 'en', 'electronic'),
(381, 'en', 'allowed'),
(382, 'en', 'redirect'),
(383, 'en', 'track'),
(384, 'en', 'open'),
(385, 'en', 'automatically'),
(386, 'en', 'opens'),
(387, 'en', 'describe'),
(388, 'en', 'd''not'),
(389, 'en', 'statical'),
(390, 'en', 'selects'),
(395, 'en', 'ticket'),
(396, 'en', 'limit'),
(398, 'en', 'store'),
(399, 'en', 'times'),
(400, 'en', 'they'),
(401, 'en', 'should'),
(402, 'en', 'letters'),
(403, 'en', 'sending'),
(404, 'en', 'exchequer'),
(407, 'en', 'authorization'),
(412, 'en', 'genre'),
(413, 'en', 'identification'),
(414, 'en', 'birthday'),
(416, 'en', 'specified'),
(417, 'en', 'male'),
(418, 'en', 'female'),
(419, 'en', 'single'),
(420, 'en', 'percentage'),
(421, 'en', 'percent'),
(425, 'en', 'month'),
(426, 'en', 'year'),
(427, 'en', 'path'),
(428, 'en', 'platform'),
(429, 'en', 'initial'),
(430, 'en', 'final'),
(431, 'en', 'card''s'),
(432, 'en', 'balance'),
(433, 'en', 'groups'),
(434, 'en', 'rules'),
(435, 'en', 'manufacturers'),
(436, 'en', 'importation'),
(437, 'en', 'series'),
(438, 'en', 'package'),
(439, 'en', 'postering'),
(440, 'en', 'labels'),
(441, 'en', 'round'),
(442, 'en', 'qrcode'),
(443, 'en', 'barcode'),
(444, 'en', 'generate'),
(445, 'en', 'instaled'),
(446, 'en', 'port'),
(447, 'en', 'active'),
(448, 'en', 'voucher'),
(449, 'en', 'output'),
(450, 'en', 'control'),
(451, 'en', 'out'),
(452, 'en', 'expiry'),
(453, 'en', 'pricing'),
(454, 'en', 'buy'),
(455, 'en', 'profit'),
(456, 'en', 'margin'),
(457, 'en', 'gross'),
(458, 'en', 'tributes'),
(459, 'en', 'pick'),
(460, 'en', 'components'),
(461, 'en', 'alternatives'),
(462, 'en', 'sizes'),
(463, 'en', 'acquisition'),
(464, 'en', 'webshop'),
(466, 'en', 'cod'),
(467, 'en', 'ean'),
(468, 'en', 'temporarily'),
(469, 'en', 'week'),
(470, 'en', 'days'),
(471, 'en', 'weekend'),
(472, 'en', 'monday'),
(473, 'en', 'tuesday'),
(474, 'en', 'wednesday'),
(475, 'en', 'thursday'),
(476, 'en', 'friday'),
(477, 'en', 'saturday'),
(478, 'en', 'sunday'),
(479, 'en', 'main'),
(480, 'en', 'one'),
(481, 'en', '?'),
(482, 'en', 'recommended'),
(483, 'en', 'brute'),
(484, 'en', 'liquid'),
(485, 'en', 'traded'),
(486, 'en', 'takeaway'),
(487, 'en', 'travel'),
(488, 'en', 'wholesale'),
(489, 'en', 'serie'),
(491, 'en', 'bought'),
(492, 'en', 'match'),
(493, 'en', 'returned'),
(494, 'en', 'manufacturer'),
(495, 'en', 'base'),
(496, 'en', 'calc'),
(500, 'en', 'contribution'),
(501, 'en', 'cost'),
(502, 'en', 'multiple'),
(503, 'en', 'units'),
(504, 'en', 'manufacture'),
(510, 'en', 'except'),
(511, 'en', 'passive'),
(512, 'en', 'expired'),
(513, 'en', 'blocked'),
(514, 'en', 'component'),
(516, 'en', 'sub'),
(517, 'en', 'estimated'),
(518, 'en', 'range'),
(519, 'en', 'retail'),
(520, 'en', 'normal'),
(521, 'en', 'required'),
(522, 'en', 'multiselect'),
(523, 'en', 'bruk'),
(524, 'en', 'factor'),
(525, 'en', 'article`s'),
(526, 'en', 'time'),
(527, 'en', 'put'),
(528, 'en', 'selling'),
(529, 'en', 'ask'),
(530, 'en', 'every'),
(531, 'en', 'another'),
(532, 'en', 'alone'),
(533, 'en', 'fill'),
(534, 'en', 'based'),
(535, 'en', 'scale'),
(536, 'en', 'integrated'),
(537, 'en', 'alternate'),
(538, 'en', 'checkout'),
(539, 'en', 'substitute'),
(540, 'en', 'included'),
(541, 'en', 'prediction'),
(542, 'en', 'net'),
(543, 'en', 'weight'),
(545, 'en', 'length'),
(546, 'en', 'width'),
(547, 'en', 'height'),
(548, 'en', 'min'),
(549, 'en', 'max'),
(550, 'en', 'packages'),
(556, 'en', 'equals'),
(557, 'en', 'import'),
(558, 'en', 'importing'),
(559, 'en', 'freight'),
(560, 'en', 'customs'),
(561, 'en', 'incomplete'),
(562, 'en', 'registration'),
(563, 'en', 'following'),
(564, 'en', 'complete'),
(565, 'en', 'just'),
(566, 'en', 'click'),
(567, 'en', 'core'),
(568, 'en', 'derivative'),
(569, 'en', 'divisible'),
(570, 'en', 'no'),
(571, 'en', 'that'),
(572, 'en', 'longer'),
(573, 'en', 'medium'),
(574, 'en', 'qtd'),
(575, 'en', 'alternative'),
(576, 'en', 'popup'),
(577, 'en', 'vat'),
(578, 'en', 'negociated'),
(579, 'en', 'file'),
(580, 'en', 'download'),
(581, 'en', 'serial'),
(582, 'en', 'deadline'),
(583, 'en', 'maximum'),
(584, 'en', 'tickets'),
(585, 'en', 'bankruptcy'),
(586, 'en', 'copy'),
(587, 'en', 'also'),
(588, 'en', 'inspection'),
(589, 'en', 'body'),
(590, 'en', 'copies'),
(591, 'en', 'decimal'),
(592, 'en', 'places'),
(593, 'en', 'saved'),
(594, 'en', 'pdf'),
(612, 'en', 'automatic'),
(613, 'en', 'solution'),
(615, 'en', 'protocol'),
(616, 'en', 'locally'),
(617, 'en', 'keep'),
(618, 'en', 'test'),
(619, 'en', 'ftp'),
(620, 'en', 'sftp'),
(621, 'en', 'scp'),
(622, 'en', 'drawing'),
(623, 'en', 'other'),
(624, 'en', 'enter'),
(625, 'en', 'where'),
(626, 'en', 'location'),
(627, 'en', 'fiscal'),
(628, 'en', 'alerts'),
(629, 'en', 'relapse'),
(630, 'en', 'mva'),
(631, 'en', 'pay'),
(632, 'en', 'collect'),
(633, 'en', 'acquired'),
(634, 'en', 'providers'),
(635, 'en', 'don''t'),
(636, 'en', 'closure'),
(637, 'en', 'recalculate'),
(639, 'en', 'there'),
(640, 'en', 'object'),
(641, 'en', 'or'),
(642, 'en', 'session'),
(643, 'en', 'apply'),
(644, 'en', 'docs'),
(645, 'en', 'like'),
(646, 'en', 'acc'),
(647, 'en', 'rounding'),
(648, 'en', 'note'),
(650, 'en', 'overages'),
(651, 'en', 'shortages'),
(652, 'en', 'hotel'),
(653, 'en', 'booking'),
(654, 'en', 'operations'),
(655, 'en', 'starting'),
(656, 'en', 'petty'),
(657, 'en', 'hand'),
(658, 'en', 'current'),
(662, 'en', 'divergence'),
(663, 'en', 'alert'),
(664, 'en', 'software'),
(665, 'en', 'report'),
(666, 'en', 'management'),
(667, 'en', 'operating'),
(668, 'en', 'was'),
(669, 'en', 'standard'),
(670, 'en', 'operational'),
(671, 'en', 'page'),
(672, 'en', 'emails'),
(673, 'en', 'Senders'),
(674, 'en', 'administrator'),
(675, 'en', 'panel'),
(676, 'en', 'shortcuts'),
(677, 'en', 'administrators'),
(678, 'en', 'provides'),
(679, 'en', 'host'),
(680, 'en', 'factoring'),
(681, 'en', 'postal'),
(682, 'en', 'original'),
(683, 'en', 'tick'),
(684, 'en', 'definition'),
(685, 'en', 'kid'),
(686, 'en', 'sample'),
(687, 'en', 'return'),
(688, 'en', 'devolution'),
(689, 'en', '1'),
(690, 'en', '2'),
(691, 'en', '3'),
(692, 'en', 'folder'),
(693, 'en', 'review'),
(694, 'en', 'server'),
(695, 'en', 'service'),
(696, 'en', 'url'),
(697, 'en', 'best'),
(698, 'en', 'seller'),
(699, 'en', 'simple'),
(700, 'en', 'catalog'),
(701, 'en', 'tools'),
(702, 'en', 'demo'),
(703, 'en', 'specify'),
(704, 'en', 'clients'),
(705, 'en', 'plane'),
(706, 'en', 'numeration'),
(707, 'en', 'until'),
(715, 'en', 'sex'),
(716, 'en', 'weather'),
(717, 'en', 'national'),
(718, 'en', 'age'),
(719, 'en', 'reading'),
(720, 'en', 'xls'),
(721, 'en', 'json'),
(722, 'en', 'verify'),
(723, 'en', 'duplicates'),
(724, 'en', 'banking'),
(727, 'en', 'codes'),
(729, 'en', 'program'),
(730, 'en', 'fidelity'),
(732, 'en', 'repair'),
(733, 'en', 'printers'),
(734, 'en', 'installed'),
(735, 'en', 'others'),
(736, 'en', 'led'),
(737, 'en', 'baudrate'),
(738, 'en', 'init'),
(739, 'en', 'string'),
(746, 'en', 'home'),
(747, 'en', 'machine'),
(748, 'en', 'connection'),
(750, 'en', 'comma'),
(751, 'en', 'bits'),
(752, 'en', 'command'),
(753, 'en', 'parity'),
(754, 'en', 'none'),
(755, 'en', 'odd'),
(756, 'en', 'even'),
(757, 'en', 'mark'),
(758, 'en', 'suffix'),
(759, 'en', 'handshake'),
(770, 'en', 'point'),
(771, 'en', 'five'),
(772, 'en', 'off'),
(773, 'en', 'guard'),
(774, 'en', 'safe'),
(775, 'en', 'term'),
(778, 'en', 'waiting'),
(779, 'en', 'reform'),
(780, 'en', 'sock'),
(781, 'en', 'terminal'),
(782, 'en', 'interact'),
(783, 'en', 'signature'),
(785, 'en', 'whether'),
(786, 'en', 'tips'),
(787, 'en', 'unintegrated'),
(788, 'en', 'wifi'),
(789, 'en', 'rfid'),
(790, 'en', 'ibeacon'),
(791, 'en', 'facial'),
(792, 'en', 'recognition'),
(793, 'en', 'tracking'),
(794, 'en', 'vouchers'),
(795, 'en', 'warnings'),
(796, 'en', 'below'),
(797, 'en', 'move'),
(798, 'en', 'duplicate'),
(799, 'en', 'delay'),
(800, 'en', 'manager'),
(801, 'en', 'submit'),
(802, 'en', 'screen'),
(803, 'en', 'filter'),
(804, 'en', 'difference'),
(805, 'en', 'carton'),
(806, 'en', 'arrears'),
(807, 'en', 'acquisitions'),
(808, 'en', 'suggestions'),
(809, 'en', 'buying'),
(810, 'en', 'movement'),
(811, 'en', 'inventory'),
(812, 'en', 'quantities'),
(813, 'en', 'arrival'),
(814, 'en', 'observations'),
(815, 'en', 'sendt'),
(816, 'en', 'vendor'),
(817, 'en', 'available'),
(818, 'en', 'ordering'),
(819, 'en', 'made'),
(820, 'en', 'requested'),
(821, 'en', 'previously'),
(822, 'en', 'received'),
(823, 'en', 'book'),
(824, 'en', 'live'),
(825, 'en', 'totes'),
(826, 'en', 'make'),
(827, 'en', 'suggestion'),
(828, 'en', 'turn'),
(829, 'en', 'into'),
(830, 'en', 'arrive'),
(831, 'en', 'suggested'),
(832, 'en', 'count'),
(833, 'en', 'surplus'),
(834, 'en', 'absent'),
(835, 'en', 'auto'),
(836, 'en', 'pending'),
(837, 'en', 'adjust'),
(838, 'en', 'working'),
(839, 'en', 'hours'),
(840, 'en', 'excluded'),
(841, 'en', 'yet'),
(842, 'en', 'expires'),
(843, 'en', 'graphic'),
(844, 'en', 'purchased'),
(845, 'en', 'shipped'),
(846, 'en', 'daily'),
(847, 'en', 'completed'),
(848, 'en', 'run'),
(849, 'en', 'shipment'),
(850, 'en', 'action'),
(851, 'en', 'direction'),
(852, 'en', 'resume'),
(853, 'en', 'payments'),
(854, 'en', 'opened'),
(855, 'en', 'financial'),
(856, 'en', 'situation'),
(858, 'en', 'house'),
(859, 'en', 'finished'),
(860, 'en', 'due'),
(861, 'en', 'deposit'),
(862, 'en', 'deposits'),
(863, 'en', 'official'),
(864, 'en', 'posted'),
(865, 'en', 'cc'),
(866, 'en', 'wanted'),
(867, 'en', 'balancing'),
(868, 'en', 'provided'),
(869, 'en', 'agreement');

-- --------------------------------------------------------

--
-- Estrutura da tabela `word_translated`
--

CREATE TABLE `word_translated` (
  `idword_translated` int(11) NOT NULL,
  `word_original_idword_original` int(11) NOT NULL,
  `language_idlanguage` int(11) NOT NULL,
  `new_word` varchar(45) NOT NULL
) ENGINE=InnoDB DEFAULT CHARSET=latin1;

--
-- Extraindo dados da tabela `word_translated`
--

INSERT INTO `word_translated` (`idword_translated`, `word_original_idword_original`, `language_idlanguage`, `new_word`) VALUES
(1, 1, 2, 'cupom'),
(2, 1, 3, 'tarjetas'),
(3, 2, 2, 'para'),
(4, 2, 3, 'para'),
(5, 3, 2, 'setar'),
(6, 3, 3, 'cambiar'),
(7, 4, 2, 'pedidos'),
(8, 4, 3, 'pedidos'),
(9, 5, 2, 'vendas'),
(10, 5, 3, 'ventas'),
(11, 6, 2, '&'),
(12, 6, 3, '&'),
(13, 7, 2, 'média'),
(14, 7, 3, 'promedio'),
(15, 8, 2, 'pedido'),
(16, 8, 3, ' solicitud'),
(17, 9, 2, 'valor'),
(18, 9, 3, 'valor'),
(19, 10, 2, 'novo'),
(20, 10, 3, 'nuevo'),
(21, 11, 2, 'contas'),
(22, 11, 3, 'cuentas'),
(23, 12, 2, 'existente'),
(24, 12, 3, 'existente'),
(25, 13, 2, 'convidados'),
(26, 13, 3, 'invitados'),
(27, 14, 2, 'itens'),
(28, 14, 3, 'items'),
(29, 15, 2, 'total'),
(30, 15, 3, 'total'),
(31, 16, 2, 'por'),
(32, 16, 3, 'por'),
(33, 17, 2, 'descontos'),
(34, 17, 3, 'descuentos'),
(35, 18, 2, 'cupons'),
(36, 18, 3, 'cupones'),
(37, 19, 2, 'envio'),
(38, 19, 3, 'envio'),
(39, 20, 2, 'gratis'),
(40, 20, 3, 'gratis'),
(41, 21, 2, 'impostos'),
(42, 21, 3, 'impuestos'),
(43, 22, 2, 'com imposto'),
(44, 22, 3, 'con impuesto'),
(45, 23, 2, 'imposto'),
(46, 23, 3, 'impuesto'),
(47, 24, 2, 'media'),
(48, 24, 3, 'promedio'),
(49, 25, 2, 'repartidos'),
(50, 25, 3, 'distribuídos'),
(51, 26, 2, 'por'),
(52, 26, 3, 'por'),
(53, 27, 2, 'conta'),
(54, 27, 3, 'cuenta'),
(55, 28, 2, 'convidado'),
(56, 28, 3, 'invitado'),
(57, 29, 2, '/'),
(58, 29, 3, '/'),
(59, 30, 2, 'aviso'),
(60, 30, 3, 'advertencia'),
(61, 31, 2, 'sistema'),
(62, 31, 3, 'sistema'),
(63, 32, 2, 'em'),
(64, 32, 3, 'en'),
(65, 33, 2, 'desenvolvimento'),
(66, 33, 3, 'desarrollo'),
(67, 34, 2, ','),
(68, 34, 3, ','),
(69, 35, 2, 'administrador'),
(70, 35, 3, 'administrador'),
(71, 36, 2, 'entrega'),
(72, 36, 3, 'entrega'),
(73, 37, 2, 'empresa'),
(74, 37, 3, 'empresa'),
(75, 38, 2, 'informação'),
(76, 38, 3, 'informacion'),
(77, 39, 2, 'geral'),
(78, 39, 3, 'general'),
(79, 40, 2, 'configurações'),
(80, 40, 3, 'configuraciones'),
(81, 41, 2, 'contabilidade'),
(82, 41, 3, 'contabilidad'),
(83, 42, 2, 'adicional'),
(84, 42, 3, 'adicional'),
(85, 43, 2, 'integrações'),
(86, 43, 3, 'integraciones'),
(87, 44, 2, 'banco de dados'),
(88, 44, 3, 'base de datos'),
(89, 45, 2, 'externo'),
(90, 45, 3, 'externo'),
(91, 46, 2, 'recursos'),
(92, 46, 3, 'recursos'),
(93, 47, 2, 'configurações'),
(94, 47, 3, 'configuraciones'),
(95, 48, 2, 'moedas'),
(96, 48, 3, 'monedas'),
(97, 49, 2, 'nome'),
(98, 49, 3, 'nombre'),
(99, 51, 2, 'informações'),
(100, 51, 3, 'informaciones'),
(101, 52, 2, 'endereço'),
(102, 52, 3, 'dirección'),
(103, 53, 2, 'banco'),
(104, 53, 3, 'banco'),
(105, 54, 2, 'e'),
(106, 54, 3, 'y'),
(107, 55, 2, 'licença'),
(108, 55, 3, 'licencia'),
(109, 56, 2, 'cancelar'),
(110, 56, 3, 'cancelar'),
(111, 57, 2, 'salvar'),
(112, 57, 3, 'guardar'),
(113, 50, 2, 'fantasia'),
(114, 50, 3, 'fantasía'),
(115, 58, 2, 'registro'),
(116, 58, 3, 'registro'),
(117, 59, 2, 'número'),
(118, 59, 3, 'número'),
(119, 60, 2, 'telefone'),
(120, 60, 3, 'teléfono'),
(121, 61, 2, 'fax'),
(122, 61, 3, 'fax'),
(123, 62, 2, 'padrão'),
(124, 62, 3, 'estándar'),
(125, 63, 2, 'mensagem'),
(126, 63, 3, 'mensaje'),
(127, 64, 2, 'rua'),
(128, 64, 3, 'calle'),
(129, 65, 2, 'bairro'),
(130, 65, 3, 'barrio'),
(131, 66, 2, 'cidade'),
(132, 66, 3, 'ciudad'),
(133, 67, 2, 'código'),
(134, 67, 3, 'código'),
(135, 68, 2, 'postal'),
(136, 68, 3, 'postal'),
(137, 69, 2, 'complemento'),
(138, 69, 3, 'complemento'),
(139, 70, 2, 'referência'),
(140, 70, 3, 'referencia'),
(141, 71, 2, 'visitante'),
(142, 71, 3, 'visitante'),
(143, 72, 2, 'email'),
(144, 72, 3, 'correo electrónico'),
(145, 73, 2, 'validade'),
(146, 73, 3, 'validez'),
(147, 74, 2, 'de'),
(148, 74, 3, 'de'),
(149, 75, 2, 'empresas'),
(150, 75, 3, 'compañías'),
(151, 76, 2, 'usuários'),
(152, 76, 3, 'usuarios'),
(153, 77, 2, 'terminais'),
(154, 77, 3, 'terminales'),
(155, 78, 2, 'móveis'),
(156, 78, 3, 'muebles'),
(157, 79, 2, ':'),
(158, 79, 3, ':'),
(159, 80, 2, 'verificar'),
(160, 80, 3, 'comprobar'),
(161, 81, 2, 'módulos'),
(162, 81, 3, 'módulos'),
(163, 82, 2, 'para'),
(164, 82, 3, 'para'),
(165, 83, 2, 'seu/sua'),
(166, 83, 3, 'suyo/su'),
(167, 84, 2, 'descrição'),
(168, 84, 3, 'descripción'),
(169, 85, 2, 'status'),
(170, 85, 3, 'estado'),
(171, 86, 2, 'lista'),
(172, 86, 3, 'catálogo'),
(173, 87, 2, 'novo'),
(174, 87, 3, 'nuevo'),
(175, 88, 2, 'editar'),
(176, 88, 3, 'cambiar'),
(177, 89, 2, 'remover'),
(178, 89, 3, 'pallar'),
(179, 90, 2, 'fechar'),
(180, 90, 3, 'cerrar'),
(181, 91, 2, 'moeda'),
(182, 91, 3, 'acuñar'),
(183, 92, 2, 'símbolo'),
(184, 92, 3, 'símbolo'),
(185, 93, 2, 'intercâmbio'),
(186, 93, 3, 'intercambio'),
(187, 94, 2, 'taxa'),
(188, 94, 3, 'tarifa'),
(189, 95, 2, 'unidade'),
(190, 95, 3, 'unidad'),
(191, 96, 2, 'mínimo'),
(192, 96, 3, 'mínimo'),
(193, 97, 2, 'casa da moeda'),
(194, 97, 3, 'pagaduría'),
(195, 98, 2, 'moeda'),
(196, 98, 3, 'moneda'),
(197, 101, 2, 'painel'),
(198, 101, 3, 'panel'),
(199, 102, 2, 'configuração'),
(200, 102, 3, 'configuracion'),
(201, 103, 2, 'registro'),
(202, 103, 3, 'registro'),
(203, 104, 2, 'dispositivos'),
(204, 104, 3, 'dispositivos'),
(205, 105, 2, 'relatórios'),
(206, 105, 3, 'informes'),
(207, 106, 2, 'inserir'),
(208, 106, 3, 'insertar'),
(209, 107, 2, 'menor'),
(210, 107, 3, 'menor'),
(211, 108, 2, 'denominação'),
(212, 108, 3, 'denominación'),
(213, 109, 2, 'atualizar'),
(214, 109, 3, 'actualizar'),
(215, 110, 2, 'dispositivo'),
(216, 110, 3, 'dispositivo'),
(217, 111, 2, 'selecionar'),
(218, 111, 3, 'seleccionar'),
(219, 112, 2, 'layout'),
(220, 112, 3, 'diseño'),
(221, 113, 2, 'tabelas'),
(222, 113, 3, 'tablas'),
(223, 114, 2, 'construir'),
(224, 114, 3, 'construir'),
(225, 115, 2, 'modelo'),
(226, 115, 3, 'modelo'),
(227, 116, 2, 'voltar'),
(228, 116, 3, 'volver'),
(229, 117, 2, 'características'),
(230, 117, 3, 'características'),
(231, 118, 2, 'fechamento'),
(232, 118, 3, 'cerradura'),
(233, 119, 2, 'parâmetros'),
(234, 119, 3, 'parámetros'),
(235, 120, 2, 'crédito'),
(236, 120, 3, 'crédito'),
(237, 121, 2, 'notas'),
(238, 121, 3, 'notas'),
(239, 122, 2, 'recibos'),
(240, 122, 3, 'albarán'),
(241, 123, 2, 'pos'),
(242, 123, 3, 'pos'),
(243, 124, 2, 'exibir'),
(244, 124, 3, 'exhibir'),
(245, 125, 2, 'cliente'),
(246, 125, 3, 'cliente'),
(247, 126, 2, 'primeira'),
(248, 126, 3, 'primera'),
(249, 127, 2, 'linha'),
(250, 127, 3, 'línea'),
(251, 128, 2, 'segunda'),
(252, 128, 3, 'segunda'),
(253, 129, 2, 'temporário'),
(254, 129, 3, 'provisional'),
(255, 130, 2, 'recibo'),
(256, 130, 3, 'albarán'),
(257, 131, 2, 'cabeçalho'),
(258, 131, 3, 'encabezamiento'),
(259, 132, 2, 'registros'),
(260, 132, 3, 'archivos'),
(261, 133, 2, 'ser'),
(262, 133, 3, 'ser'),
(263, 134, 2, 'impressos'),
(264, 134, 3, 'impresos'),
(265, 135, 2, 'em'),
(266, 135, 3, 'en'),
(267, 136, 2, 'o(a)'),
(268, 136, 3, 'el(la)'),
(269, 137, 2, 'fim'),
(270, 137, 3, 'fin'),
(271, 138, 2, 'caixa'),
(272, 138, 3, 'cajero'),
(273, 139, 2, 'histórico'),
(274, 139, 3, 'historial'),
(275, 140, 2, 'compra'),
(276, 140, 3, 'compra'),
(277, 141, 2, 'cancelado(s)(as)'),
(278, 141, 3, 'cancelado(s)(as)'),
(279, 142, 2, 'dinheiro'),
(280, 142, 3, 'dinero'),
(281, 143, 2, 'gaveta'),
(282, 143, 3, 'cajón'),
(283, 144, 2, 'manual'),
(284, 144, 3, 'manual'),
(285, 145, 2, 'aberturas'),
(286, 145, 3, 'aberturas'),
(287, 146, 2, '('),
(288, 146, 3, '('),
(289, 147, 2, ')'),
(290, 147, 3, ')'),
(291, 148, 2, 'registro'),
(292, 148, 3, 'registro'),
(293, 149, 2, 'apagado(s)(as)'),
(294, 149, 3, 'apagado(s)(as)'),
(295, 151, 2, 'clicando'),
(296, 151, 3, 'hacer clic'),
(297, 152, 2, 'botão'),
(298, 152, 3, 'botón'),
(299, 153, 2, 'criado(a)'),
(300, 153, 3, 'criado(a)'),
(301, 154, 2, 'um(a)'),
(302, 154, 3, 'un(a)'),
(303, 155, 2, 'já'),
(304, 155, 3, 'ya'),
(305, 156, 2, 'você(s)'),
(306, 156, 3, 'usted(es)'),
(307, 157, 2, 'pode'),
(308, 157, 3, 'puede'),
(309, 158, 2, 'adicionar'),
(310, 158, 3, 'sumar'),
(311, 159, 2, 'colunas'),
(312, 159, 3, 'columnas'),
(313, 160, 2, 'esse(a)'),
(314, 160, 3, 'ese(a)'),
(315, 161, 2, 'listagem'),
(316, 161, 3, 'listado'),
(317, 162, 2, 'através de'),
(318, 162, 3, 'través de'),
(319, 163, 2, 'elemento'),
(320, 163, 3, 'elemento'),
(321, 164, 2, '.'),
(322, 164, 3, '.'),
(323, 165, 2, 'mostrar'),
(324, 165, 3, 'exhibir'),
(325, 166, 2, 'semelhante'),
(326, 166, 3, 'semejante'),
(327, 167, 2, 'compras'),
(328, 167, 3, 'compras'),
(329, 168, 2, 'depois de'),
(330, 168, 3, 'después de'),
(331, 169, 2, 'digitação'),
(332, 169, 3, 'digitación'),
(333, 170, 2, 'em'),
(334, 170, 3, 'en'),
(335, 171, 2, 'observações'),
(336, 171, 3, 'observaciónes'),
(337, 172, 2, 'pré'),
(338, 172, 3, 'pre'),
(339, 173, 2, 'pagamento'),
(340, 173, 3, 'pagamiento'),
(341, 174, 2, 'restaurantes'),
(342, 174, 3, 'retaurantes'),
(343, 175, 2, '-'),
(344, 175, 3, '-'),
(345, 176, 2, 'emitir'),
(346, 176, 3, 'emitir'),
(347, 177, 2, 'não'),
(348, 177, 3, 'no'),
(349, 178, 2, 'documento'),
(350, 178, 3, 'documento'),
(351, 179, 2, 'substituir'),
(352, 179, 3, 'sustituir'),
(353, 180, 2, 'logotipo'),
(354, 180, 3, 'logotipo'),
(355, 181, 2, 'com'),
(356, 181, 3, 'con'),
(357, 182, 2, 'barras'),
(358, 182, 3, 'barras'),
(359, 183, 2, 'indicando'),
(360, 183, 3, 'indicando'),
(361, 184, 2, 'volume'),
(362, 184, 3, 'volumen'),
(363, 185, 2, 'lojas'),
(364, 185, 3, 'tiendas'),
(365, 186, 2, 'todos(as)'),
(366, 186, 3, 'todos(as)'),
(367, 187, 2, 'durante'),
(368, 187, 3, 'durante'),
(369, 188, 2, 'pesquisa'),
(370, 188, 3, 'encuesta'),
(371, 189, 2, 'exato'),
(372, 189, 3, 'exacto'),
(373, 190, 2, 'nomes'),
(374, 190, 3, 'nombres'),
(375, 191, 2, 'somente'),
(376, 191, 3, 'solamente'),
(377, 192, 2, 'habilitar'),
(378, 192, 3, 'habilitar'),
(379, 193, 2, 'impressão'),
(380, 193, 3, 'impresión'),
(381, 194, 2, 'pedido'),
(382, 194, 3, 'solicitud'),
(383, 195, 2, 'confirmação'),
(384, 195, 3, 'confirmación'),
(385, 196, 2, 'produto'),
(386, 196, 3, 'producto'),
(387, 197, 2, 'valores'),
(388, 197, 3, 'valores'),
(389, 198, 2, 'quando'),
(390, 198, 3, 'cuando'),
(391, 199, 2, 'mudado'),
(392, 199, 3, 'cambiado'),
(393, 200, 2, 'cliente'),
(394, 200, 3, 'cliente'),
(395, 201, 2, 'permitir'),
(396, 201, 3, 'permitir'),
(397, 202, 2, 'usuário'),
(398, 202, 3, 'usuario'),
(399, 203, 2, 'terminar'),
(400, 203, 3, 'terminar'),
(401, 204, 2, 'antes de'),
(402, 204, 3, 'antes de'),
(403, 205, 2, 'entrando'),
(404, 205, 3, 'entrando'),
(405, 206, 2, 'quantidade'),
(406, 206, 3, 'cantidad'),
(407, 207, 2, 'pago'),
(408, 207, 3, 'pagado'),
(409, 208, 2, 'cartão'),
(410, 208, 3, 'cartón'),
(411, 209, 2, 'débito'),
(412, 209, 3, 'débito'),
(413, 210, 2, 'caso'),
(414, 210, 3, 'caso'),
(415, 211, 2, 'pagamentos'),
(416, 211, 3, 'pagamientos'),
(417, 212, 2, 'cartão presente'),
(418, 212, 3, 'tarjeta de regalo'),
(419, 213, 2, 'detalhes'),
(420, 213, 3, 'detalles'),
(421, 214, 2, 'título'),
(422, 214, 3, 'título'),
(423, 215, 2, 'tamanho'),
(424, 215, 3, 'tamaño'),
(425, 216, 2, 'fonte'),
(426, 216, 3, 'fuente'),
(427, 217, 2, 'grupo'),
(428, 217, 3, 'grupo'),
(429, 218, 2, 'texto'),
(430, 218, 3, 'texto'),
(431, 219, 2, 'imprimir'),
(432, 219, 3, 'imprimir'),
(433, 220, 2, 'transportador'),
(434, 220, 3, 'portador'),
(435, 221, 2, 'idêntico'),
(436, 221, 3, 'idéntico'),
(437, 222, 2, 'produtos'),
(438, 222, 3, 'productos'),
(439, 223, 2, 'confirmar'),
(440, 223, 3, 'confirmar'),
(441, 224, 2, 'preço'),
(442, 224, 3, 'precio'),
(443, 225, 2, 'mesmo'),
(444, 225, 3, 'mismo'),
(445, 226, 2, 'colocar'),
(446, 226, 3, 'poner'),
(447, 227, 2, 'último(s)'),
(448, 227, 3, 'último(s)'),
(449, 228, 2, 'dois'),
(450, 228, 3, 'dos'),
(451, 229, 2, 'digitos'),
(452, 229, 3, 'dígitos'),
(453, 230, 2, 'negrito'),
(454, 230, 3, 'audaz'),
(455, 231, 2, 'modificar'),
(456, 231, 3, 'cambiar'),
(457, 232, 2, 'impressões'),
(458, 232, 3, 'impresiones'),
(459, 233, 2, 'mudanças'),
(460, 233, 3, 'mudanzas'),
(461, 234, 2, 'impressora'),
(462, 234, 3, 'impresora'),
(463, 235, 2, 'linhas'),
(464, 235, 3, 'líneas'),
(465, 236, 2, 'cada'),
(466, 236, 3, 'cada'),
(467, 237, 2, 'omitir'),
(468, 237, 3, 'omitir'),
(469, 238, 2, 'qual'),
(470, 238, 3, 'cual'),
(471, 239, 2, 'pertence'),
(472, 239, 3, 'pertenece'),
(473, 240, 2, 'id'),
(474, 240, 3, 'id'),
(475, 241, 2, 'inserido'),
(476, 241, 3, 'insertado'),
(477, 242, 2, 'caixa'),
(478, 242, 3, 'cajero'),
(479, 243, 2, 'vendido'),
(480, 243, 3, 'vendido'),
(481, 244, 2, 'dia'),
(482, 244, 3, 'día'),
(483, 245, 2, 'quantidade'),
(484, 245, 3, 'cantidad'),
(485, 246, 2, 'célula'),
(486, 246, 3, 'celda'),
(487, 247, 2, 'relação'),
(488, 247, 3, 'proporción'),
(489, 248, 2, 'incluir'),
(490, 248, 3, 'incluir'),
(491, 249, 2, 'em vez de'),
(492, 249, 3, 'en vez de'),
(493, 250, 2, 'usar'),
(494, 250, 3, 'utilizar'),
(495, 251, 2, 'desconto'),
(496, 251, 3, 'descuento'),
(497, 252, 2, 'ajuda'),
(498, 252, 3, 'ayuda'),
(499, 253, 2, 'maneiras'),
(500, 253, 3, 'maneras'),
(501, 254, 2, 'presente'),
(502, 254, 3, 'regalo'),
(503, 255, 2, 'linhas'),
(504, 255, 3, 'líneas'),
(505, 256, 2, 'item'),
(506, 256, 3, 'ítem'),
(507, 257, 2, 'permitindo'),
(508, 257, 3, 'permitiendo'),
(509, 258, 2, 'mais'),
(510, 258, 3, 'más'),
(511, 259, 2, 'informação'),
(512, 259, 3, 'información'),
(513, 260, 2, 'atual'),
(514, 260, 3, 'actual'),
(515, 261, 2, 'promocional'),
(516, 261, 3, 'promocional'),
(517, 262, 2, 'é(são)/está(ão)'),
(518, 262, 3, 'es(son)/está(están)'),
(519, 263, 2, 'loja'),
(520, 263, 3, 'tienda'),
(521, 264, 2, 'detalhado'),
(522, 264, 3, 'detallado'),
(523, 265, 2, 'ocultar'),
(524, 265, 3, 'ocultar'),
(525, 266, 2, 'comentários'),
(526, 266, 3, 'comentarios'),
(527, 267, 2, 'inseridos'),
(528, 267, 3, 'introducidos'),
(529, 268, 2, 'sempre'),
(530, 268, 3, 'siempre'),
(531, 269, 2, 'artigo'),
(532, 269, 3, 'artículo'),
(533, 270, 2, 'é/está'),
(534, 270, 3, 'es/está'),
(535, 271, 2, 'dado'),
(536, 271, 3, 'dado'),
(537, 272, 2, 'sem'),
(538, 272, 3, 'sin'),
(539, 273, 2, 'mostra'),
(540, 273, 3, 'muestra'),
(541, 274, 2, 'somas'),
(542, 274, 3, 'sumas'),
(543, 275, 2, 'incluir'),
(544, 275, 3, 'incluir'),
(545, 276, 2, 'dica'),
(546, 276, 3, 'pista'),
(547, 277, 2, 'quantidades'),
(548, 277, 3, 'cantidades'),
(549, 278, 2, 'modelos'),
(550, 278, 3, 'plantillas'),
(551, 279, 2, 'resolução'),
(552, 279, 3, 'resolución'),
(553, 280, 2, 'predefinido'),
(554, 280, 3, 'predeterminado'),
(555, 282, 2, 'tabela'),
(556, 282, 3, 'tabla'),
(557, 283, 2, 'seção'),
(558, 283, 3, 'sección'),
(559, 284, 2, 'assentos'),
(560, 284, 3, 'asientos'),
(561, 285, 2, 'qty'),
(562, 285, 3, 'qty'),
(563, 286, 2, 'excluir'),
(564, 286, 3, 'eliminar'),
(565, 287, 2, 'reiniciar'),
(566, 287, 3, 'reiniciar'),
(567, 288, 2, 'criar'),
(568, 288, 3, 'crear'),
(569, 289, 2, 'imagem'),
(570, 289, 3, 'imagen'),
(571, 290, 2, 'funcionário'),
(572, 290, 3, 'empleado'),
(573, 291, 2, 'venda'),
(574, 291, 3, 'venta'),
(575, 292, 2, 'aba'),
(576, 292, 3, 'lengüeta'),
(577, 293, 2, 'calculadora'),
(578, 293, 3, 'calculadora'),
(579, 301, 2, 'departamento'),
(580, 301, 3, 'departamento'),
(581, 302, 2, 'projetos'),
(582, 302, 3, 'proyectos'),
(583, 303, 2, 'inicio'),
(584, 303, 3, 'inicio'),
(585, 304, 2, 'parada'),
(586, 304, 3, 'parada'),
(587, 305, 2, 'projeto'),
(588, 305, 3, 'proyecto'),
(589, 306, 2, 'data'),
(590, 306, 3, 'fecha'),
(591, 307, 2, 'permissões'),
(592, 307, 3, 'permisos'),
(593, 308, 2, 'tipo'),
(594, 308, 3, 'tipo'),
(595, 309, 2, 'empregos'),
(596, 309, 3, 'trabajos'),
(597, 310, 2, 'completo'),
(598, 310, 3, 'completo'),
(599, 311, 2, 'login'),
(600, 311, 3, 'login'),
(601, 312, 2, 'emprego'),
(602, 312, 3, 'trabajo'),
(603, 313, 2, 'senha'),
(604, 313, 3, 'contraseña'),
(605, 314, 2, 'tipos'),
(606, 314, 3, 'tipos'),
(607, 315, 2, 'depósito'),
(608, 315, 3, 'depósito'),
(609, 316, 2, 'estoques'),
(610, 316, 3, 'cepo'),
(611, 317, 2, 'físico'),
(612, 317, 3, 'físico'),
(613, 318, 2, 'estoque'),
(614, 318, 3, 'existencias'),
(615, 319, 2, 'cores'),
(616, 319, 3, 'colores'),
(617, 320, 2, 'cor'),
(618, 320, 3, 'color'),
(619, 321, 2, 'país'),
(620, 321, 3, 'país'),
(621, 322, 2, 'fornecedores'),
(622, 322, 3, 'proveedores'),
(623, 323, 2, 'apis'),
(624, 323, 3, 'apis'),
(625, 324, 2, 'fornecedor'),
(626, 324, 3, 'proveedor'),
(627, 325, 2, 'do(a)'),
(628, 325, 3, 'del(de la)'),
(629, 326, 2, 'web'),
(630, 326, 3, 'web'),
(631, 327, 2, 'site'),
(632, 327, 3, 'sitio'),
(633, 328, 2, 'idioma'),
(634, 328, 3, 'idioma'),
(635, 329, 2, 'org'),
(636, 329, 3, 'org'),
(637, 330, 2, 'nr'),
(638, 330, 3, 'nr'),
(639, 331, 2, 'estabelecimento'),
(640, 331, 3, 'establecimiento'),
(641, 332, 2, 'envio'),
(642, 332, 3, 'envío'),
(643, 333, 2, 'gln'),
(644, 333, 3, 'gln'),
(645, 334, 2, 'contato'),
(646, 334, 3, 'contacto'),
(647, 335, 2, 'pessoa'),
(648, 335, 3, 'persona'),
(649, 336, 2, 'enviar'),
(650, 336, 3, 'enviar'),
(651, 337, 2, 'xml'),
(652, 337, 3, 'xml'),
(653, 339, 2, 'formato'),
(654, 339, 3, 'formato'),
(655, 338, 2, 'api'),
(656, 338, 3, 'api'),
(657, 340, 2, 'nome de usuário'),
(658, 340, 3, 'nombre de usuário'),
(659, 341, 2, 'definir'),
(660, 341, 3, 'definir'),
(661, 342, 2, 'retirada'),
(662, 342, 3, 'retirada'),
(663, 343, 2, 'vender'),
(664, 343, 3, 'vender'),
(665, 344, 2, 'fatura'),
(666, 344, 3, 'factura'),
(667, 345, 2, 'estatisticas'),
(668, 345, 3, 'estadísticas'),
(669, 346, 2, 'mudança'),
(670, 346, 3, 'cambio'),
(671, 347, 2, 'método'),
(672, 347, 3, 'método'),
(673, 348, 2, 'opções'),
(674, 348, 3, 'opciones'),
(675, 349, 2, 'imagens'),
(676, 349, 3, 'imágenes'),
(677, 350, 2, 'cartões'),
(678, 350, 3, 'tarjetas'),
(679, 351, 2, 'acesso'),
(680, 351, 3, 'acceso'),
(681, 352, 2, 'rótulo'),
(682, 352, 3, 'etiqueta'),
(683, 353, 2, 'rodapé'),
(684, 353, 3, 'pie de página'),
(685, 354, 2, 'a5'),
(686, 354, 3, 'a5'),
(687, 355, 2, 'obs'),
(688, 355, 3, 'obs'),
(689, 356, 2, 'separado(a)'),
(690, 356, 3, 'separado(a)'),
(691, 357, 2, 'diferente'),
(692, 357, 3, 'diferente'),
(693, 358, 2, 'planos de fundo'),
(694, 358, 3, 'planes de fondo'),
(695, 359, 2, 'sms'),
(696, 359, 3, 'sms'),
(697, 360, 2, 'enviado(a)'),
(698, 360, 3, 'expedido(a)'),
(699, 361, 2, 'propostas'),
(700, 361, 3, 'propuestas'),
(701, 362, 2, 'proposta'),
(702, 362, 3, 'propuesta'),
(703, 363, 2, 'clientes'),
(704, 363, 3, 'clientes'),
(705, 364, 2, 'pagamentos'),
(706, 364, 3, 'pagos'),
(707, 365, 2, 'presente'),
(708, 365, 3, 'regalo'),
(709, 367, 2, 'modelos'),
(710, 367, 3, 'modelos'),
(711, 368, 2, 'estado'),
(712, 368, 3, 'estado'),
(713, 369, 2, 'opção'),
(714, 369, 3, 'opción'),
(715, 370, 2, 'negócio'),
(716, 370, 3, 'negocio'),
(717, 371, 2, 'ver'),
(718, 371, 3, 'ver'),
(719, 372, 2, 'faturas'),
(720, 372, 3, 'facturas'),
(721, 373, 2, 'solicitações'),
(722, 373, 3, 'peticiones'),
(723, 374, 2, 'cobrança'),
(724, 374, 3, 'cobro'),
(725, 375, 2, 'carta'),
(726, 375, 3, 'carta'),
(727, 376, 2, 'extra'),
(728, 376, 3, 'extra'),
(729, 377, 2, 'dados'),
(730, 377, 3, 'datos'),
(731, 378, 2, 'itens'),
(732, 378, 3, 'elementos'),
(733, 379, 2, 'faturado(a)'),
(734, 379, 3, 'facturado(a)'),
(735, 380, 2, 'eletrônico(a)'),
(736, 380, 3, 'electrónico(a)'),
(737, 381, 2, 'permitido(a)'),
(738, 381, 3, 'permitido(a)'),
(739, 382, 2, 'redirecionar'),
(740, 382, 3, 'redirigir'),
(741, 383, 2, 'acompanhar'),
(742, 383, 3, 'acompañar'),
(743, 384, 2, 'aberto(s)(as)'),
(744, 384, 3, 'abierto(s)(as)'),
(745, 385, 2, 'automaticamente'),
(746, 385, 3, 'automáticamente'),
(747, 386, 2, 'abertos(as)'),
(748, 386, 3, 'abiertos(as)'),
(749, 388, 2, 'não'),
(750, 388, 3, 'no'),
(751, 389, 2, 'estático'),
(752, 389, 3, 'estatico'),
(753, 390, 2, 'seleciona'),
(754, 390, 3, 'selecciona'),
(755, 387, 2, 'descrever'),
(756, 387, 3, 'describir'),
(757, 395, 2, 'bilhete'),
(758, 395, 3, 'billete'),
(759, 396, 2, 'limite'),
(760, 396, 3, 'limite'),
(761, 398, 2, 'loja'),
(762, 398, 3, 'tienda'),
(763, 399, 2, 'vezes'),
(764, 399, 3, 'veces'),
(765, 400, 2, 'eles(as)'),
(766, 400, 3, 'ellos(as)'),
(767, 401, 2, 'deveria'),
(768, 401, 3, 'deberia'),
(769, 402, 2, 'cartas'),
(770, 402, 3, 'cartas'),
(771, 403, 2, 'envio'),
(772, 403, 3, 'envío'),
(773, 404, 2, 'erário'),
(774, 404, 3, 'erario'),
(775, 407, 2, 'autorização'),
(776, 407, 3, 'autorización'),
(777, 412, 2, 'gênero'),
(778, 412, 3, 'género'),
(779, 413, 2, 'identificação'),
(780, 413, 3, 'identificación'),
(781, 414, 2, 'aniversário'),
(782, 414, 3, 'cumpleaños'),
(783, 416, 2, 'especificado'),
(784, 416, 3, 'especificado'),
(785, 417, 2, 'masculino'),
(786, 417, 3, 'masculino'),
(787, 418, 2, 'feminino'),
(788, 418, 3, 'feminino'),
(789, 419, 2, 'único'),
(790, 419, 3, 'único'),
(791, 420, 2, 'porcentagem'),
(792, 420, 3, 'porcentaje'),
(793, 421, 2, 'por cento'),
(794, 421, 3, 'por ciento'),
(795, 425, 2, 'mês'),
(796, 425, 3, 'mes'),
(797, 426, 2, 'ano'),
(798, 426, 3, 'año'),
(799, 427, 2, 'caminho'),
(800, 427, 3, 'camino'),
(801, 428, 2, 'plataforma'),
(802, 428, 3, 'plataforma'),
(803, 429, 2, 'inicial'),
(804, 429, 3, 'inicial'),
(805, 430, 2, 'final'),
(806, 430, 3, 'final'),
(807, 431, 2, 'cartões'),
(808, 431, 3, 'cartones'),
(809, 432, 2, 'saldo'),
(810, 432, 3, 'saldo'),
(811, 433, 2, 'grupos'),
(812, 433, 3, 'grupos'),
(813, 434, 2, 'regras'),
(814, 434, 3, 'reglas'),
(815, 435, 2, 'fabricantes'),
(816, 435, 3, 'fabricantes'),
(817, 436, 2, 'importação'),
(818, 436, 3, 'importación'),
(819, 437, 2, 'séries'),
(820, 437, 3, 'series'),
(821, 438, 2, 'pacote(s)'),
(822, 438, 3, 'paquete(s)'),
(823, 439, 2, 'postagem'),
(824, 439, 3, 'correo postal'),
(825, 440, 2, 'rótulos'),
(826, 440, 3, 'etiquetas'),
(827, 441, 2, 'redondo(a)'),
(828, 441, 3, 'redondo(a)'),
(829, 442, 2, 'qrcode'),
(830, 442, 3, 'qrcode'),
(831, 443, 2, 'código de barras'),
(832, 443, 3, 'código de barras'),
(833, 444, 2, 'gerar'),
(834, 444, 3, 'generar'),
(835, 445, 2, 'instalado(a)'),
(836, 445, 3, 'instalado(a)'),
(837, 446, 2, 'porta'),
(838, 446, 3, 'puerta'),
(839, 447, 2, 'ativo'),
(840, 447, 3, 'activo'),
(841, 448, 2, 'comprovante'),
(842, 448, 3, 'prueba'),
(843, 449, 2, 'saída'),
(844, 449, 3, 'salída'),
(845, 450, 2, 'controle'),
(846, 450, 3, 'control'),
(847, 451, 2, 'fora'),
(848, 451, 3, 'fuera'),
(849, 452, 2, 'expiração'),
(850, 452, 3, 'expiración'),
(851, 453, 2, 'preço'),
(852, 453, 3, 'precios'),
(853, 454, 2, 'compra'),
(854, 454, 3, 'compra'),
(855, 455, 2, 'lucro'),
(856, 455, 3, 'lucro'),
(857, 456, 2, 'margem'),
(858, 456, 3, 'margen'),
(859, 457, 2, 'bruto'),
(860, 457, 3, 'bruto'),
(861, 458, 2, 'tributos'),
(862, 458, 3, 'tributos'),
(863, 459, 2, 'seleção'),
(864, 459, 3, 'selección'),
(865, 460, 2, 'componentes'),
(866, 460, 3, 'componentes'),
(867, 461, 2, 'alternativas'),
(868, 461, 3, 'alternativas'),
(869, 462, 2, 'tamanhos'),
(870, 462, 3, 'tamaños'),
(871, 463, 2, 'aquisição'),
(872, 463, 3, 'adquisición'),
(873, 464, 2, 'webshop'),
(874, 464, 3, 'tienda web'),
(875, 466, 2, 'cod'),
(876, 466, 3, 'cod'),
(877, 467, 2, 'ean'),
(878, 467, 3, 'ean'),
(879, 468, 2, 'temporariamente'),
(880, 468, 3, 'temporalmente'),
(881, 469, 2, 'semana'),
(882, 469, 3, 'semana'),
(883, 470, 2, 'dias'),
(884, 470, 3, 'días'),
(885, 471, 2, 'fim de semana'),
(886, 471, 3, 'fin de semana'),
(887, 472, 2, 'segunda'),
(888, 472, 3, 'lunes'),
(889, 473, 2, 'terça'),
(890, 473, 3, 'martes'),
(891, 474, 2, 'quarta'),
(892, 474, 3, 'miércoles'),
(893, 475, 2, 'quinta'),
(894, 475, 3, 'jueves'),
(895, 476, 2, 'sexta'),
(896, 476, 3, 'viernes'),
(897, 477, 2, 'sábado'),
(898, 477, 3, 'sábado'),
(899, 478, 2, 'domingo'),
(900, 478, 3, 'domingo'),
(901, 479, 2, 'principal'),
(902, 479, 3, 'principal'),
(903, 480, 2, 'um(a)'),
(904, 480, 3, 'un(a)'),
(905, 481, 2, '?'),
(906, 481, 3, '?'),
(907, 482, 2, 'recomendado(a)'),
(908, 482, 3, 'recomendado(a)'),
(909, 483, 2, 'bruto'),
(910, 483, 3, 'bruto'),
(911, 484, 2, 'líquido'),
(912, 484, 3, 'líquido'),
(913, 485, 2, 'negociado(a)'),
(914, 485, 3, 'negociado(a)'),
(915, 486, 2, 'retirar'),
(916, 486, 3, 'llevarse'),
(917, 487, 2, 'viagem'),
(918, 487, 3, 'viaje'),
(919, 488, 2, 'atacado'),
(920, 488, 3, 'al por mayor'),
(921, 489, 2, 'série'),
(922, 489, 3, 'serie'),
(923, 491, 2, 'comprado'),
(924, 491, 3, 'comprado'),
(925, 492, 2, 'partida(o)'),
(926, 492, 3, 'partida(o)'),
(927, 493, 2, 'devolvido(a)'),
(928, 493, 3, 'devuelto(a)'),
(929, 494, 2, 'fabricante'),
(930, 494, 3, 'fabricante'),
(931, 495, 2, 'base'),
(932, 495, 3, 'base'),
(933, 496, 2, 'cálculo'),
(934, 496, 3, 'calculo'),
(935, 500, 2, 'contribuição'),
(936, 500, 3, 'contribución'),
(937, 501, 2, 'custo'),
(938, 501, 3, 'costo'),
(939, 502, 2, 'múltiplo'),
(940, 502, 3, 'múltiple'),
(941, 503, 2, 'unidades'),
(942, 503, 3, 'unidades'),
(943, 504, 2, 'fabricação'),
(944, 504, 3, 'fabricación'),
(945, 510, 2, 'exceto'),
(946, 510, 3, 'excepto'),
(947, 511, 2, 'passivo'),
(948, 511, 3, 'pasivo'),
(949, 512, 2, 'expirado'),
(950, 512, 3, 'expirado'),
(951, 513, 2, 'bloqueado'),
(952, 513, 3, 'obstruido'),
(953, 514, 2, 'componente'),
(954, 514, 3, 'componente'),
(955, 516, 2, 'sub'),
(956, 516, 3, 'sub'),
(957, 517, 2, 'estimado'),
(958, 517, 3, 'estimado'),
(959, 518, 2, 'alcance'),
(960, 518, 3, 'alcance'),
(961, 519, 2, 'varejo'),
(962, 519, 3, 'Al por menor'),
(963, 520, 2, 'normal'),
(964, 520, 3, 'normal'),
(965, 521, 2, 'necessário'),
(966, 521, 3, 'necesario'),
(967, 522, 2, 'seleção múltipla'),
(968, 522, 3, 'selección múltiple'),
(969, 523, 2, 'uso'),
(970, 523, 3, 'uso'),
(971, 524, 2, 'fator'),
(972, 524, 3, 'factor'),
(973, 525, 2, 'artigos'),
(974, 525, 3, 'artículo''s'),
(975, 526, 2, 'tempo'),
(976, 526, 3, 'tiempo'),
(977, 527, 2, 'colocar'),
(978, 527, 3, 'poner'),
(979, 528, 2, 'de venda'),
(980, 528, 3, 'de venta'),
(981, 529, 2, 'pergunte'),
(982, 529, 3, 'pergunte'),
(983, 530, 2, 'todo'),
(984, 530, 3, 'todo]'),
(985, 531, 2, 'outro'),
(986, 531, 3, 'otro'),
(987, 532, 2, 'sozinho(a)'),
(988, 532, 3, 'solo(a)'),
(989, 533, 2, 'preencher'),
(990, 533, 3, 'llenar'),
(991, 534, 2, 'baseado(a)'),
(992, 534, 3, 'basado(a)'),
(993, 535, 2, 'escala'),
(994, 535, 3, 'escala'),
(995, 536, 2, 'integrado(a)'),
(996, 536, 3, 'integrado(a)'),
(997, 537, 2, 'alternativo(s)(as)'),
(998, 537, 3, 'alternativo(s)(as)'),
(999, 538, 2, 'checkout'),
(1000, 538, 3, 'finalizar la compra'),
(1001, 539, 2, 'substituto(s)(as)'),
(1002, 539, 3, 'sustituto(s)(as)'),
(1003, 540, 2, 'incluído(s)(as)'),
(1004, 540, 3, 'incluido(s)(as)'),
(1005, 541, 2, 'previsão'),
(1006, 541, 3, 'predicción'),
(1007, 542, 2, 'líquido'),
(1008, 542, 3, 'líquido'),
(1009, 543, 2, 'peso'),
(1010, 543, 3, 'peso'),
(1011, 545, 2, 'comprimento'),
(1012, 545, 3, 'longitud'),
(1013, 546, 2, 'largura'),
(1014, 546, 3, 'anchura'),
(1015, 547, 2, 'altura'),
(1016, 547, 3, 'altura'),
(1017, 548, 2, 'min'),
(1018, 548, 3, 'min'),
(1019, 549, 2, 'max'),
(1020, 549, 3, 'max'),
(1021, 550, 2, 'pacotes'),
(1022, 550, 3, 'paquetes'),
(1023, 556, 2, 'igual a'),
(1024, 556, 3, 'igual a'),
(1025, 557, 2, 'importar'),
(1026, 557, 3, 'importar'),
(1027, 558, 2, 'importação'),
(1028, 558, 3, 'importación'),
(1029, 559, 2, 'frete'),
(1030, 559, 3, 'flete'),
(1031, 560, 2, 'alfândega'),
(1032, 560, 3, 'aduanas'),
(1033, 561, 2, 'incompleto'),
(1034, 561, 3, 'incompleto'),
(1035, 562, 2, 'cadastro'),
(1036, 562, 3, 'registro'),
(1037, 563, 2, 'seguinte(s)'),
(1038, 563, 3, 'siguiente(s)'),
(1039, 564, 2, 'completar'),
(1040, 564, 3, 'completar'),
(1041, 565, 2, 'somente'),
(1042, 565, 3, 'sólo'),
(1043, 566, 2, 'clicar'),
(1044, 566, 3, 'hacer clic'),
(1045, 567, 2, 'núcleo'),
(1046, 567, 3, 'núcleo'),
(1047, 568, 2, 'derivado'),
(1048, 568, 3, 'derivado'),
(1049, 569, 2, 'divisível'),
(1050, 569, 3, 'divisíble'),
(1051, 570, 2, 'não'),
(1052, 570, 3, 'no'),
(1053, 571, 2, 'isso/esse(a)'),
(1054, 571, 3, 'ese/esa'),
(1055, 572, 2, 'mais longo'),
(1056, 572, 3, 'más largo'),
(1057, 573, 2, 'médio'),
(1058, 573, 3, 'medio'),
(1059, 574, 2, 'qtd'),
(1060, 574, 3, 'qtd'),
(1061, 575, 2, 'alternativo'),
(1062, 575, 3, 'alternativo'),
(1063, 576, 2, 'popup'),
(1064, 576, 3, 'ventana emergente'),
(1065, 577, 2, 'vat'),
(1066, 577, 3, 'vat'),
(1067, 578, 2, 'negociado(a)'),
(1068, 578, 3, 'negociado(a)'),
(1069, 579, 2, 'arquivo'),
(1070, 579, 3, 'archivo'),
(1071, 580, 2, 'baixar'),
(1072, 580, 3, 'descargar'),
(1073, 581, 2, 'serial'),
(1074, 581, 3, 'serial'),
(1075, 582, 2, 'prazo de entrega'),
(1076, 582, 3, 'fin de plazo'),
(1077, 583, 2, 'máximo(a)'),
(1078, 583, 3, 'máximo(a)'),
(1079, 584, 2, 'bilhetes'),
(1080, 584, 3, 'billetes'),
(1081, 585, 2, 'falência'),
(1082, 585, 3, 'bancarrota'),
(1083, 586, 2, 'cópia'),
(1084, 586, 3, 'copia'),
(1085, 587, 2, 'também'),
(1086, 587, 3, 'también'),
(1087, 588, 2, 'inspeção'),
(1088, 588, 3, 'inspección'),
(1089, 589, 2, 'corpo'),
(1090, 589, 3, 'cuerpo'),
(1091, 590, 2, 'cópias'),
(1092, 590, 3, 'copias'),
(1093, 591, 2, 'decimal'),
(1094, 591, 3, 'decimal'),
(1095, 592, 2, 'casas'),
(1096, 592, 3, 'lugares'),
(1097, 593, 2, 'salvo(s)(as)'),
(1098, 593, 3, 'guardado(s)(as)'),
(1099, 594, 2, 'pdf'),
(1100, 594, 3, 'pdf'),
(1101, 612, 2, 'automático(a)'),
(1102, 612, 3, 'automático(a)'),
(1103, 613, 2, 'solução'),
(1104, 613, 3, 'solución'),
(1105, 615, 2, 'protocolo'),
(1106, 615, 3, 'protocolo'),
(1107, 616, 2, 'localmente'),
(1108, 616, 3, 'en la zona'),
(1109, 617, 2, 'guardar'),
(1110, 617, 3, 'guardar'),
(1111, 618, 2, 'teste'),
(1112, 618, 3, 'prueba'),
(1113, 619, 2, 'ftp'),
(1114, 619, 3, 'ftp'),
(1115, 620, 2, 'sftp'),
(1116, 620, 3, 'sftp'),
(1117, 621, 2, 'scp'),
(1118, 621, 3, 'scp'),
(1119, 622, 2, 'desenho'),
(1120, 622, 3, 'diseño'),
(1121, 623, 2, 'outro(s)(as)'),
(1122, 623, 3, 'otro(s)(as)'),
(1123, 624, 2, 'entrar'),
(1124, 624, 3, 'entrar'),
(1125, 625, 2, 'onde'),
(1126, 625, 3, 'dónde'),
(1127, 626, 2, 'localização'),
(1128, 626, 3, 'localización'),
(1129, 627, 2, 'fiscal'),
(1130, 627, 3, 'fiscal'),
(1131, 628, 2, 'alertas'),
(1132, 628, 3, 'alertas'),
(1133, 629, 2, 'recaída'),
(1134, 629, 3, 'recaída'),
(1135, 630, 2, 'mva'),
(1136, 630, 3, 'mva'),
(1137, 631, 2, 'pago'),
(1138, 631, 3, 'pago'),
(1139, 632, 2, 'cobrar'),
(1140, 632, 3, 'cobrar'),
(1141, 633, 2, 'adquirido(a)'),
(1142, 633, 3, 'adquirido(a)'),
(1143, 634, 2, 'provedores'),
(1144, 634, 3, 'proveedores'),
(1145, 635, 2, 'não'),
(1146, 635, 3, 'no'),
(1147, 636, 2, 'encerramento'),
(1148, 636, 3, 'cierre'),
(1149, 637, 2, 'recalcular'),
(1150, 637, 3, 'recalcular'),
(1151, 639, 2, 'há'),
(1152, 639, 3, 'hay'),
(1153, 640, 2, 'objeto'),
(1154, 640, 3, '640'),
(1155, 641, 2, 'ou'),
(1156, 641, 3, 'o'),
(1157, 642, 2, 'sessão'),
(1158, 642, 3, 'sesión'),
(1159, 643, 2, 'aplicar'),
(1160, 643, 3, 'aplicar'),
(1161, 644, 2, 'documentos'),
(1162, 644, 3, 'documentos'),
(1163, 645, 2, 'como'),
(1164, 645, 3, 'como'),
(1165, 646, 2, 'acc'),
(1166, 646, 3, 'acc'),
(1167, 647, 2, 'arredodamento'),
(1168, 647, 3, 'redondeo'),
(1169, 648, 2, 'nota'),
(1170, 648, 3, 'nota'),
(1171, 650, 2, 'excesso'),
(1172, 650, 3, 'exceso'),
(1173, 651, 2, 'excassez'),
(1174, 651, 3, 'excasez'),
(1175, 652, 2, 'hotel'),
(1176, 652, 3, 'hotel'),
(1177, 653, 2, 'reserva'),
(1178, 653, 3, 'reserva'),
(1179, 654, 2, 'operações'),
(1180, 654, 3, 'operaciones'),
(1181, 655, 2, 'começar'),
(1182, 655, 3, 'comenzar'),
(1183, 656, 2, 'pequeno'),
(1184, 656, 3, 'pequeño'),
(1185, 657, 2, 'mão'),
(1186, 657, 3, 'mano'),
(1187, 658, 2, 'atual'),
(1188, 658, 3, 'actual'),
(1189, 662, 2, 'divergência'),
(1190, 662, 3, 'divergencia'),
(1191, 663, 2, 'alerta'),
(1192, 663, 3, 'alerta'),
(1193, 664, 2, 'software'),
(1194, 664, 3, 'software'),
(1195, 665, 2, 'relatório'),
(1196, 665, 3, 'informe'),
(1197, 666, 2, 'gestão'),
(1198, 666, 3, 'administración'),
(1199, 667, 2, 'operando'),
(1200, 667, 3, 'operando'),
(1201, 668, 2, 'estava'),
(1202, 668, 3, 'estaba'),
(1203, 669, 2, 'padrão'),
(1204, 669, 3, 'estándar'),
(1205, 670, 2, 'operacional'),
(1206, 670, 3, 'operacional'),
(1207, 671, 2, 'página'),
(1208, 671, 3, 'página'),
(1209, 672, 2, 'emails'),
(1210, 672, 3, 'correos electrónicos'),
(1211, 673, 2, 'remetentes'),
(1212, 673, 3, 'remitentes'),
(1213, 674, 2, 'administrador'),
(1214, 674, 3, 'administrador'),
(1215, 675, 2, 'painel'),
(1216, 675, 3, 'panel'),
(1217, 676, 2, 'atalhos'),
(1218, 676, 3, 'atajos'),
(1219, 677, 2, 'administradores'),
(1220, 677, 3, 'administradores'),
(1221, 678, 2, 'fornece'),
(1222, 678, 3, 'proporciona'),
(1223, 679, 2, 'hospedeiro'),
(1224, 679, 3, 'hospedador'),
(1225, 680, 2, 'factoring'),
(1226, 680, 3, 'factorización'),
(1227, 681, 2, 'postal'),
(1228, 681, 3, 'postal'),
(1229, 682, 2, 'original'),
(1230, 682, 3, 'original'),
(1231, 683, 2, 'marque'),
(1232, 683, 3, 'marque'),
(1233, 684, 2, 'definição'),
(1234, 684, 3, 'definición'),
(1235, 685, 2, 'kid'),
(1236, 685, 3, 'kid'),
(1237, 686, 2, 'amostra'),
(1238, 686, 3, 'muestra'),
(1239, 687, 2, 'retorno'),
(1240, 687, 3, 'retorno'),
(1241, 688, 2, 'devolução'),
(1242, 688, 3, 'devolución'),
(1243, 689, 2, '1'),
(1244, 689, 3, '1'),
(1245, 690, 2, '2'),
(1246, 690, 3, '2'),
(1247, 691, 2, '3'),
(1248, 691, 3, '3'),
(1249, 692, 2, 'pasta'),
(1250, 692, 3, 'carpeta'),
(1251, 693, 2, 'revisar'),
(1252, 693, 3, 'revistar'),
(1253, 694, 2, 'servidor'),
(1254, 694, 3, 'servidor'),
(1255, 695, 2, 'serviço'),
(1256, 695, 3, 'servicio'),
(1257, 696, 2, 'url'),
(1258, 696, 3, 'url'),
(1259, 697, 2, 'mais/melhor'),
(1260, 697, 3, 'más/mejor'),
(1261, 698, 2, 'vendidos(vendedor)'),
(1262, 698, 3, 'vendidos(vendedor)'),
(1263, 699, 2, 'simples'),
(1264, 699, 3, 'simple'),
(1265, 700, 2, 'catálogo'),
(1266, 700, 3, 'catálogo'),
(1267, 701, 2, 'ferramentas'),
(1268, 701, 3, 'herramientas'),
(1269, 702, 2, 'demo'),
(1270, 702, 3, 'demo'),
(1271, 703, 2, 'especificar'),
(1272, 703, 3, 'especificar'),
(1273, 704, 2, 'clientes'),
(1274, 704, 3, 'clientela'),
(1275, 705, 2, 'plano'),
(1276, 705, 3, 'plan'),
(1277, 706, 2, 'numeração'),
(1278, 706, 3, 'numeración'),
(1279, 707, 2, 'até'),
(1280, 707, 3, 'hasta'),
(1281, 715, 2, 'sexo'),
(1282, 715, 3, 'sexo'),
(1283, 716, 2, 'clima'),
(1284, 716, 3, 'clima'),
(1285, 717, 2, 'nacional'),
(1286, 717, 3, 'nacional'),
(1287, 718, 2, 'idade'),
(1288, 718, 3, 'edad'),
(1289, 719, 2, 'leitura'),
(1290, 719, 3, 'lectura'),
(1291, 720, 2, 'xls'),
(1292, 720, 3, 'xls'),
(1293, 721, 2, 'json'),
(1294, 721, 3, 'json'),
(1295, 722, 2, 'verificar'),
(1296, 722, 3, 'verificar'),
(1297, 723, 2, 'duplicados'),
(1298, 723, 3, 'duplicados'),
(1299, 724, 2, 'bancário'),
(1300, 724, 3, 'bancario'),
(1301, 727, 2, 'códigos'),
(1302, 727, 3, 'códigos'),
(1303, 729, 2, 'programa'),
(1304, 729, 3, 'programa'),
(1305, 730, 2, 'fidelidade'),
(1306, 730, 3, 'fidelidad'),
(1307, 732, 2, 'reparar'),
(1308, 732, 3, 'reparar'),
(1309, 733, 2, 'impressoras'),
(1310, 733, 3, 'impresoras'),
(1311, 734, 2, 'instalado(a)'),
(1312, 734, 3, 'instalado(a)'),
(1313, 735, 2, 'outros'),
(1314, 735, 3, 'otros'),
(1315, 736, 2, 'led'),
(1316, 736, 3, 'led'),
(1317, 737, 2, 'taxa de transmissão'),
(1318, 737, 3, 'Velocidad en baudios'),
(1319, 738, 2, 'inicial'),
(1320, 738, 3, 'inicial'),
(1321, 739, 2, 'cadeia de caractere'),
(1322, 739, 3, 'cadena de caracteres'),
(1323, 746, 2, 'casa'),
(1324, 746, 3, 'casa'),
(1325, 747, 2, 'máquina'),
(1326, 747, 3, 'máquina'),
(1327, 748, 2, 'conexão'),
(1328, 748, 3, 'conexión'),
(1329, 750, 2, 'vírgula'),
(1330, 750, 3, 'coma'),
(1331, 751, 2, 'bits'),
(1332, 751, 3, 'bits'),
(1333, 752, 2, 'comando'),
(1334, 752, 3, 'comando'),
(1335, 753, 2, 'paridade'),
(1336, 753, 3, 'paridad'),
(1337, 754, 2, 'nenhum'),
(1338, 754, 3, 'ninguna'),
(1339, 755, 2, 'ímpar'),
(1340, 755, 3, 'impar'),
(1341, 756, 2, 'até'),
(1342, 756, 3, 'incluso'),
(1343, 757, 2, 'marca'),
(1344, 757, 3, 'marca'),
(1345, 758, 2, 'sufixo'),
(1346, 758, 3, 'sufijo'),
(1347, 759, 2, 'aperto de mão'),
(1348, 759, 3, 'apretón de manos'),
(1349, 770, 2, 'ponto'),
(1350, 770, 3, 'punto'),
(1351, 771, 2, 'cinco'),
(1352, 771, 3, 'cinco'),
(1353, 772, 2, 'fora'),
(1354, 772, 3, 'fuera'),
(1355, 773, 2, 'guarda'),
(1356, 773, 3, 'guardia'),
(1357, 774, 2, 'seguro'),
(1358, 774, 3, 'seguro'),
(1359, 775, 2, 'termo'),
(1360, 775, 3, 'plazo'),
(1361, 778, 2, 'espera'),
(1362, 778, 3, 'espera'),
(1363, 779, 2, 'reforma'),
(1364, 779, 3, 'reforma'),
(1365, 780, 2, 'meia'),
(1366, 780, 3, 'calcetín'),
(1367, 781, 2, 'terminal'),
(1368, 781, 3, 'terminal'),
(1369, 782, 2, 'integarir'),
(1370, 782, 3, 'interactuar'),
(1371, 783, 2, 'assinatura'),
(1372, 783, 3, 'firma'),
(1373, 785, 2, 'se'),
(1374, 785, 3, 'si'),
(1375, 786, 2, 'dicas'),
(1376, 786, 3, 'consejos'),
(1377, 787, 2, 'não integrado'),
(1378, 787, 3, 'no integrado'),
(1379, 788, 2, 'wifi'),
(1380, 788, 3, 'wifi'),
(1381, 789, 2, 'rfid'),
(1382, 789, 3, 'rfid'),
(1383, 790, 2, 'ibeacon'),
(1384, 790, 3, 'ibeacon'),
(1385, 791, 2, 'facial'),
(1386, 791, 3, 'facial'),
(1387, 792, 2, 'reconhecimento'),
(1388, 792, 3, 'reconocimiento'),
(1389, 793, 2, 'rastreamento'),
(1390, 793, 3, 'rastreo'),
(1391, 794, 2, 'comprovantes'),
(1392, 794, 3, 'comprobantes'),
(1393, 795, 2, 'avisos'),
(1394, 795, 3, 'advertencias'),
(1395, 796, 2, 'abaixo'),
(1396, 796, 3, 'abajo'),
(1397, 797, 2, 'mover'),
(1398, 797, 3, 'mover'),
(1399, 798, 2, 'duplicar'),
(1400, 798, 3, 'duplicar'),
(1401, 799, 2, 'atraso'),
(1402, 799, 3, 'retraso'),
(1403, 800, 2, 'gerente'),
(1404, 800, 3, 'gerente'),
(1405, 801, 2, 'enviar'),
(1406, 801, 3, 'enviar'),
(1407, 802, 2, 'tela'),
(1408, 802, 3, 'pantalla'),
(1409, 803, 2, 'filtro'),
(1410, 803, 3, 'filtro'),
(1411, 804, 2, 'diferença'),
(1412, 804, 3, 'diferencia'),
(1413, 805, 2, 'cartão'),
(1414, 805, 3, 'caja de cartón'),
(1415, 806, 2, 'atraso'),
(1416, 806, 3, 'atraso'),
(1417, 807, 2, 'aquisições'),
(1418, 807, 3, 'adquisiciones'),
(1419, 808, 2, 'sugestões'),
(1420, 808, 3, 'sugestiónes'),
(1421, 809, 2, 'compra'),
(1422, 809, 3, 'compra'),
(1423, 810, 2, 'movimento'),
(1424, 810, 3, 'movimiento'),
(1425, 811, 2, 'inventário'),
(1426, 811, 3, 'inventario'),
(1427, 812, 2, 'quantidades'),
(1428, 812, 3, 'cantidades'),
(1429, 813, 2, 'chegada'),
(1430, 813, 3, 'llegada'),
(1431, 814, 2, 'observações'),
(1432, 814, 3, 'observaciones'),
(1433, 815, 2, 'enviado'),
(1434, 815, 3, 'enviado'),
(1435, 816, 2, 'fornecedor'),
(1436, 816, 3, 'proveedor'),
(1437, 817, 2, 'disponível'),
(1438, 817, 3, 'disponible'),
(1439, 818, 2, 'encomenda'),
(1440, 818, 3, 'ordenado'),
(1441, 819, 2, 'feito'),
(1442, 819, 3, 'hecho'),
(1443, 820, 2, 'requerido(s)'),
(1444, 820, 3, 'requerido(s)'),
(1445, 821, 2, 'anteriormente'),
(1446, 821, 3, 'previamente'),
(1447, 822, 2, 'recebido(s)(as)'),
(1448, 822, 3, 'recebido(s)(as)'),
(1449, 823, 2, 'livro'),
(1450, 823, 3, 'libro'),
(1451, 824, 2, 'viver'),
(1452, 824, 3, 'vivir'),
(1453, 825, 2, 'totalizadores'),
(1454, 825, 3, 'totalizadores'),
(1455, 826, 2, 'fazer'),
(1456, 826, 3, 'hacer'),
(1457, 827, 2, 'sugestão'),
(1458, 827, 3, 'sugerencia'),
(1459, 828, 2, 'virar'),
(1460, 828, 3, 'virar'),
(1461, 829, 2, 'em'),
(1462, 829, 3, 'en'),
(1463, 830, 2, 'chegar'),
(1464, 830, 3, 'llegar'),
(1465, 831, 2, 'sugerido'),
(1466, 831, 3, 'sugirió'),
(1467, 832, 2, 'contagem'),
(1468, 832, 3, 'recuento'),
(1469, 833, 2, 'excedente'),
(1470, 833, 3, 'excedente'),
(1471, 834, 2, 'ausente'),
(1472, 834, 3, 'ausente'),
(1473, 835, 2, 'auto'),
(1474, 835, 3, 'auto'),
(1475, 836, 2, 'pendente'),
(1476, 836, 3, 'pendiente'),
(1477, 837, 2, 'ajustar'),
(1478, 837, 3, 'ajustar'),
(1479, 838, 2, 'trabalho'),
(1480, 838, 3, 'trabajo'),
(1481, 839, 2, 'horas'),
(1482, 839, 3, 'horas'),
(1483, 840, 2, 'excluído(s)(as)'),
(1484, 840, 3, 'excluido(s)(as)'),
(1485, 841, 2, 'ainda'),
(1486, 841, 3, 'todavia'),
(1487, 842, 2, 'expira'),
(1488, 842, 3, 'vence'),
(1489, 843, 2, 'gráfico'),
(1490, 843, 3, 'gráfico'),
(1491, 844, 2, 'comprado'),
(1492, 844, 3, 'comprado'),
(1493, 845, 2, 'enviado(s)(as)'),
(1494, 845, 3, 'enviado(s)(as)'),
(1495, 846, 2, 'diariamente'),
(1496, 846, 3, 'diariamente'),
(1497, 847, 2, 'completado(a)'),
(1498, 847, 3, 'terminado(a)'),
(1499, 848, 2, 'executar'),
(1500, 848, 3, 'ejecutar'),
(1501, 849, 2, 'envio'),
(1502, 849, 3, 'envio'),
(1503, 850, 2, 'ação'),
(1504, 850, 3, 'acción'),
(1505, 851, 2, 'direção'),
(1506, 851, 3, 'dirección'),
(1507, 852, 2, 'resumo'),
(1508, 852, 3, 'resumen'),
(1509, 853, 2, 'pagamentos'),
(1510, 853, 3, 'pagos'),
(1511, 854, 2, 'aberto(s)(as)'),
(1512, 854, 3, 'abierto(s)(as)'),
(1513, 855, 2, 'financeiro(a)'),
(1514, 855, 3, 'financiero(a)'),
(1515, 856, 2, 'situação'),
(1516, 856, 3, 'situación'),
(1517, 858, 2, 'casa'),
(1518, 858, 3, 'casa'),
(1519, 859, 2, 'finalizado(a)'),
(1520, 859, 3, 'terminado(a)'),
(1521, 860, 2, 'devido'),
(1522, 860, 3, 'debido'),
(1523, 861, 2, 'depósito'),
(1524, 861, 3, 'depósito'),
(1525, 862, 2, 'depósitos'),
(1526, 862, 3, 'depósitos'),
(1527, 863, 2, 'oficial'),
(1528, 863, 3, 'oficial'),
(1529, 864, 2, 'postado'),
(1530, 864, 3, 'posteado'),
(1531, 865, 2, 'cc'),
(1532, 865, 3, 'cc'),
(1533, 866, 2, 'desejado'),
(1534, 866, 3, 'deseado'),
(1535, 867, 2, 'balanceamento'),
(1536, 867, 3, 'equilibrio'),
(1537, 868, 2, 'fornecido(a)'),
(1538, 868, 3, 'suministrado(a)'),
(1539, 869, 2, 'contrato'),
(1540, 869, 3, 'contrato');

--
-- Indexes for dumped tables
--

--
-- Indexes for table `language`
--
ALTER TABLE `language`
  ADD PRIMARY KEY (`idlanguage`);

--
-- Indexes for table `word_original`
--
ALTER TABLE `word_original`
  ADD PRIMARY KEY (`idword_original`),
  ADD UNIQUE KEY `word` (`word`);

--
-- Indexes for table `word_translated`
--
ALTER TABLE `word_translated`
  ADD PRIMARY KEY (`idword_translated`),
  ADD KEY `fk_word_translated_word_original` (`word_original_idword_original`) USING BTREE,
  ADD KEY `fk_word_translation_language` (`language_idlanguage`) USING BTREE;

--
-- AUTO_INCREMENT for dumped tables
--

--
-- AUTO_INCREMENT for table `language`
--
ALTER TABLE `language`
  MODIFY `idlanguage` int(11) NOT NULL AUTO_INCREMENT, AUTO_INCREMENT=4;
--
-- AUTO_INCREMENT for table `word_original`
--
ALTER TABLE `word_original`
  MODIFY `idword_original` int(11) NOT NULL AUTO_INCREMENT, AUTO_INCREMENT=870;
--
-- AUTO_INCREMENT for table `word_translated`
--
ALTER TABLE `word_translated`
  MODIFY `idword_translated` int(11) NOT NULL AUTO_INCREMENT, AUTO_INCREMENT=1541;
--
-- Constraints for dumped tables
--

--
-- Limitadores para a tabela `word_translated`
--
ALTER TABLE `word_translated`
  ADD CONSTRAINT `fk_word_translated_word_original` FOREIGN KEY (`word_original_idword_original`) REFERENCES `word_original` (`idword_original`),
  ADD CONSTRAINT `fk_word_translation_language` FOREIGN KEY (`language_idlanguage`) REFERENCES `language` (`idlanguage`);

/*!40101 SET CHARACTER_SET_CLIENT=@OLD_CHARACTER_SET_CLIENT */;
/*!40101 SET CHARACTER_SET_RESULTS=@OLD_CHARACTER_SET_RESULTS */;
/*!40101 SET COLLATION_CONNECTION=@OLD_COLLATION_CONNECTION */;
